,time,temperature,snowfall,humidity
0,2025-12-13T00:00,5.0,0.0,93
1,2025-12-13T01:00,4.8,0.0,93
2,2025-12-13T02:00,5.1,0.0,91
3,2025-12-13T03:00,5.5,0.0,92
4,2025-12-13T04:00,5.3,0.0,93
5,2025-12-13T05:00,5.0,0.0,95
6,2025-12-13T06:00,4.9,0.0,97
7,2025-12-13T07:00,4.1,0.0,100
8,2025-12-13T08:00,4.2,0.0,99
9,2025-12-13T09:00,4.6,0.0,98
10,2025-12-13T10:00,5.3,0.0,92
11,2025-12-13T11:00,6.1,0.0,88
12,2025-12-13T12:00,6.8,0.0,86
13,2025-12-13T13:00,7.6,0.0,84
14,2025-12-13T14:00,8.3,0.0,83
15,2025-12-13T15:00,8.5,0.0,84
16,2025-12-13T16:00,8.5,0.0,86
17,2025-12-13T17:00,8.5,0.0,86
18,2025-12-13T18:00,8.6,0.0,86
19,2025-12-13T19:00,8.4,0.0,86
20,2025-12-13T20:00,8.0,0.0,86
21,2025-12-13T21:00,7.4,0.0,88
22,2025-12-13T22:00,6.8,0.0,91
23,2025-12-13T23:00,6.3,0.0,90
24,2025-12-14T00:00,5.9,0.0,90
25,2025-12-14T01:00,5.6,0.0,90
26,2025-12-14T02:00,5.4,0.0,90
27,2025-12-14T03:00,5.4,0.0,88
28,2025-12-14T04:00,5.5,0.0,87
29,2025-12-14T05:00,5.6,0.0,87
30,2025-12-14T06:00,5.6,0.0,86
31,2025-12-14T07:00,5.3,0.0,87
32,2025-12-14T08:00,4.6,0.0,88
33,2025-12-14T09:00,4.0,0.0,87
34,2025-12-14T10:00,2.7,0.0,97
35,2025-12-14T11:00,3.3,0.0,95
36,2025-12-14T12:00,4.2,0.0,93
37,2025-12-14T13:00,5.1,0.0,90
38,2025-12-14T14:00,5.9,0.0,86
39,2025-12-14T15:00,6.1,0.0,84
40,2025-12-14T16:00,5.9,0.0,89
41,2025-12-14T17:00,5.5,0.0,90
42,2025-12-14T18:00,5.3,0.0,90
43,2025-12-14T19:00,5.1,0.0,92
44,2025-12-14T20:00,5.2,0.0,93
45,2025-12-14T21:00,5.4,0.0,92
46,2025-12-14T22:00,5.2,0.0,91
47,2025-12-14T23:00,5.4,0.0,91
48,2025-12-15T00:00,5.5,0.0,90
49,2025-12-15T01:00,5.6,0.0,89
50,2025-12-15T02:00,5.7,0.0,90
51,2025-12-15T03:00,5.6,0.0,90
52,2025-12-15T04:00,5.5,0.0,89
53,2025-12-15T05:00,5.2,0.0,90
54,2025-12-15T06:00,4.7,0.0,90
55,2025-12-15T07:00,3.9,0.0,91
56,2025-12-15T08:00,3.4,0.0,92
57,2025-12-15T09:00,3.5,0.0,91
58,2025-12-15T10:00,4.2,0.0,89
59,2025-12-15T11:00,5.1,0.0,85
60,2025-12-15T12:00,6.1,0.0,81
61,2025-12-15T13:00,6.7,0.0,78
62,2025-12-15T14:00,6.6,0.0,78
63,2025-12-15T15:00,5.8,0.0,82
64,2025-12-15T16:00,4.9,0.0,85
65,2025-12-15T17:00,4.3,0.0,86
66,2025-12-15T18:00,4.0,0.0,87
67,2025-12-15T19:00,3.6,0.0,89
68,2025-12-15T20:00,3.3,0.0,89
69,2025-12-15T21:00,3.0,0.0,89
70,2025-12-15T22:00,2.8,0.0,87
71,2025-12-15T23:00,2.6,0.0,86
72,2025-12-16T00:00,2.5,0.0,86
73,2025-12-16T01:00,2.4,0.0,86
74,2025-12-16T02:00,2.3,0.0,86
75,2025-12-16T03:00,2.2,0.0,86
76,2025-12-16T04:00,2.2,0.0,86
77,2025-12-16T05:00,2.2,0.0,86
78,2025-12-16T06:00,1.9,0.0,88
79,2025-12-16T07:00,1.8,0.0,88
80,2025-12-16T08:00,1.9,0.0,87
81,2025-12-16T09:00,2.6,0.0,83
82,2025-12-16T10:00,3.6,0.0,78
83,2025-12-16T11:00,4.7,0.0,73
84,2025-12-16T12:00,5.4,0.0,71
85,2025-12-16T13:00,5.4,0.0,72
86,2025-12-16T14:00,5.0,0.0,76
87,2025-12-16T15:00,4.5,0.0,79
88,2025-12-16T16:00,3.9,0.0,81
89,2025-12-16T17:00,3.2,0.0,83
90,2025-12-16T18:00,2.6,0.0,85
91,2025-12-16T19:00,2.0,0.0,86
92,2025-12-16T20:00,1.6,0.0,87
93,2025-12-16T21:00,1.2,0.0,87
94,2025-12-16T22:00,0.8,0.0,87
95,2025-12-16T23:00,0.6,0.0,88
96,2025-12-17T00:00,0.4,0.0,88
97,2025-12-17T01:00,0.3,0.0,88
98,2025-12-17T02:00,0.3,0.0,87
99,2025-12-17T03:00,0.3,0.0,87
100,2025-12-17T04:00,0.3,0.0,87
101,2025-12-17T05:00,0.2,0.0,87
102,2025-12-17T06:00,0.3,0.0,87
103,2025-12-17T07:00,0.6,0.0,86
104,2025-12-17T08:00,1.0,0.0,85
105,2025-12-17T09:00,1.7,0.0,84
106,2025-12-17T10:00,3.0,0.0,82
107,2025-12-17T11:00,4.7,0.0,79
108,2025-12-17T12:00,5.9,0.0,78
109,2025-12-17T13:00,6.6,0.0,79
110,2025-12-17T14:00,6.9,0.0,82
111,2025-12-17T15:00,7.0,0.0,85
112,2025-12-17T16:00,6.8,0.0,87
113,2025-12-17T17:00,6.5,0.0,89
114,2025-12-17T18:00,6.2,0.0,90
115,2025-12-17T19:00,6.1,0.0,91
116,2025-12-17T20:00,6.1,0.0,91
117,2025-12-17T21:00,5.9,0.0,91
118,2025-12-17T22:00,5.4,0.0,92
119,2025-12-17T23:00,4.7,0.0,92
120,2025-12-18T00:00,4.3,0.0,93
121,2025-12-18T01:00,4.2,0.0,93
122,2025-12-18T02:00,4.2,0.0,93
123,2025-12-18T03:00,4.4,0.0,93
124,2025-12-18T04:00,4.8,0.0,93
125,2025-12-18T05:00,5.3,0.0,92
126,2025-12-18T06:00,5.6,0.0,92
127,2025-12-18T07:00,4.6,0.0,93
128,2025-12-18T08:00,4.6,0.0,93
129,2025-12-18T09:00,4.9,0.0,92
130,2025-12-18T10:00,5.6,0.0,90
131,2025-12-18T11:00,6.6,0.0,87
132,2025-12-18T12:00,7.3,0.0,86
133,2025-12-18T13:00,7.5,0.0,87
134,2025-12-18T14:00,7.5,0.0,89
135,2025-12-18T15:00,7.3,0.0,90
136,2025-12-18T16:00,7.1,0.0,91
137,2025-12-18T17:00,6.7,0.0,91
138,2025-12-18T18:00,6.4,0.0,91
139,2025-12-18T19:00,6.1,0.0,91
140,2025-12-18T20:00,5.7,0.0,90
141,2025-12-18T21:00,5.4,0.0,90
142,2025-12-18T22:00,5.1,0.0,90
143,2025-12-18T23:00,4.7,0.0,90
144,2025-12-19T00:00,4.4,0.0,90
145,2025-12-19T01:00,4.2,0.0,90
146,2025-12-19T02:00,4.1,0.0,90
147,2025-12-19T03:00,3.9,0.0,90
148,2025-12-19T04:00,3.8,0.0,90
149,2025-12-19T05:00,3.7,0.0,90
150,2025-12-19T06:00,3.7,0.0,90
151,2025-12-19T07:00,3.8,0.0,89
152,2025-12-19T08:00,4.0,0.0,87
153,2025-12-19T09:00,4.6,0.0,84
154,2025-12-19T10:00,5.8,0.0,79
155,2025-12-19T11:00,7.3,0.0,73
156,2025-12-19T12:00,8.3,0.0,69
157,2025-12-19T13:00,8.4,0.0,70
158,2025-12-19T14:00,8.1,0.0,73
159,2025-12-19T15:00,7.7,0.0,76
160,2025-12-19T16:00,7.4,0.0,78
161,2025-12-19T17:00,7.0,0.0,80
162,2025-12-19T18:00,6.7,0.0,81
163,2025-12-19T19:00,6.8,0.0,80
164,2025-12-19T20:00,7.0,0.0,79
165,2025-12-19T21:00,7.0,0.0,78
166,2025-12-19T22:00,6.8,0.0,79
167,2025-12-19T23:00,6.5,0.0,81
